2021-01-24 09:51:42.240545	0.5257936507936508	meta_feats	"{'clf': DecisionTreeClassifier(class_weight='balanced', max_features='sqrt',
                       random_state=42), 'clf__class_weight': 'balanced'}"
2021-01-24 09:51:43.098991	0.5734126984126984	annotation	"{'clf': DecisionTreeClassifier(class_weight='balanced', max_features='sqrt',
                       random_state=42), 'clf__class_weight': 'balanced'}"
2021-01-24 09:51:44.661546	0.41269841269841273	sc_turns	"{'clf': DecisionTreeClassifier(class_weight='balanced', max_features='sqrt',
                       random_state=42), 'clf__class_weight': 'balanced'}"
2021-01-24 09:51:45.662059	0.46825396825396826	sc_messages	"{'clf': DecisionTreeClassifier(class_weight='balanced', max_features='sqrt',
                       random_state=42), 'clf__class_weight': 'balanced'}"
2021-01-24 09:51:46.324217	0.39087301587301587	solution_participation	{'clf': DecisionTreeClassifier(max_features='sqrt', random_state=42), 'clf__class_weight': None}
2021-01-24 09:51:47.015795	0.5813492063492063	annotation_tf_everything	{'clf': DecisionTreeClassifier(max_features='sqrt', random_state=42), 'clf__class_weight': None}
2021-01-24 09:51:47.922862	0.37698412698412703	annotation_sg_everything	"{'clf': DecisionTreeClassifier(class_weight='balanced', max_features='sqrt',
                       random_state=42), 'clf__class_weight': 'balanced'}"
2021-01-24 09:51:48.508640	0.5595238095238095	fast_text	{'clf': DecisionTreeClassifier(max_features='sqrt', random_state=42), 'clf__class_weight': None}
2021-01-24 09:51:49.025518	0.46230158730158727	meta_feats,annotation	{'clf': DecisionTreeClassifier(max_features='sqrt', random_state=42), 'clf__class_weight': None}
2021-01-24 09:51:49.634382	0.503968253968254	meta_feats,sc_turns	"{'clf': DecisionTreeClassifier(class_weight='balanced', max_features='sqrt',
                       random_state=42), 'clf__class_weight': 'balanced'}"
2021-01-24 09:51:50.239301	0.44047619047619047	meta_feats,sc_messages	"{'clf': DecisionTreeClassifier(class_weight='balanced', max_features='sqrt',
                       random_state=42), 'clf__class_weight': 'balanced'}"
2021-01-24 09:51:50.908568	0.47619047619047616	meta_feats,solution_participation	{'clf': DecisionTreeClassifier(max_features='sqrt', random_state=42), 'clf__class_weight': None}
2021-01-24 09:51:52.751574	0.4107142857142857	meta_feats,annotation_tf_everything	{'clf': DecisionTreeClassifier(max_features='sqrt', random_state=42), 'clf__class_weight': None}
2021-01-24 09:51:53.828184	0.4107142857142857	meta_feats,annotation_sg_everything	{'clf': DecisionTreeClassifier(max_features='sqrt', random_state=42), 'clf__class_weight': None}
2021-01-24 09:51:55.240203	0.5952380952380953	meta_feats,fast_text	"{'clf': DecisionTreeClassifier(class_weight='balanced', max_features='sqrt',
                       random_state=42), 'clf__class_weight': 'balanced'}"
2021-01-24 09:51:56.229131	0.45436507936507936	annotation,sc_turns	"{'clf': DecisionTreeClassifier(class_weight='balanced', max_features='sqrt',
                       random_state=42), 'clf__class_weight': 'balanced'}"
2021-01-24 09:51:57.492508	0.49007936507936506	annotation,sc_messages	"{'clf': DecisionTreeClassifier(class_weight='balanced', max_features='sqrt',
                       random_state=42), 'clf__class_weight': 'balanced'}"
2021-01-24 09:51:58.819833	0.47619047619047616	annotation,solution_participation	"{'clf': DecisionTreeClassifier(class_weight='balanced', max_features='sqrt',
                       random_state=42), 'clf__class_weight': 'balanced'}"
2021-01-24 09:51:59.974576	0.2996031746031746	annotation,annotation_tf_everything	"{'clf': DecisionTreeClassifier(class_weight='balanced', max_features='sqrt',
                       random_state=42), 'clf__class_weight': 'balanced'}"
2021-01-24 09:52:00.904361	0.5317460317460317	annotation,annotation_sg_everything	"{'clf': DecisionTreeClassifier(class_weight='balanced', max_features='sqrt',
                       random_state=42), 'clf__class_weight': 'balanced'}"
2021-01-24 09:52:01.489385	0.744047619047619	annotation,fast_text	{'clf': DecisionTreeClassifier(max_features='sqrt', random_state=42), 'clf__class_weight': None}
2021-01-24 09:52:02.338236	0.45436507936507936	sc_turns,sc_messages	"{'clf': DecisionTreeClassifier(class_weight='balanced', max_features='sqrt',
                       random_state=42), 'clf__class_weight': 'balanced'}"
2021-01-24 09:52:03.502904	0.3412698412698413	sc_turns,solution_participation	"{'clf': DecisionTreeClassifier(class_weight='balanced', max_features='sqrt',
                       random_state=42), 'clf__class_weight': 'balanced'}"
2021-01-24 09:52:04.164746	0.35714285714285715	sc_turns,annotation_tf_everything	"{'clf': DecisionTreeClassifier(class_weight='balanced', max_features='sqrt',
                       random_state=42), 'clf__class_weight': 'balanced'}"
2021-01-24 09:52:04.692182	0.5674603174603174	sc_turns,annotation_sg_everything	{'clf': DecisionTreeClassifier(max_features='sqrt', random_state=42), 'clf__class_weight': None}
2021-01-24 09:52:05.479762	0.5734126984126984	sc_turns,fast_text	"{'clf': DecisionTreeClassifier(class_weight='balanced', max_features='sqrt',
                       random_state=42), 'clf__class_weight': 'balanced'}"
2021-01-24 09:52:06.022774	0.39087301587301587	sc_messages,solution_participation	{'clf': DecisionTreeClassifier(max_features='sqrt', random_state=42), 'clf__class_weight': None}
2021-01-24 09:52:06.705258	0.4265873015873016	sc_messages,annotation_tf_everything	"{'clf': DecisionTreeClassifier(class_weight='balanced', max_features='sqrt',
                       random_state=42), 'clf__class_weight': 'balanced'}"
2021-01-24 09:52:07.790097	0.44841269841269843	sc_messages,annotation_sg_everything	{'clf': DecisionTreeClassifier(max_features='sqrt', random_state=42), 'clf__class_weight': None}
2021-01-24 09:52:08.920511	0.5456349206349207	sc_messages,fast_text	"{'clf': DecisionTreeClassifier(class_weight='balanced', max_features='sqrt',
                       random_state=42), 'clf__class_weight': 'balanced'}"
2021-01-24 09:52:09.785249	0.5456349206349207	solution_participation,annotation_tf_everything	{'clf': DecisionTreeClassifier(max_features='sqrt', random_state=42), 'clf__class_weight': None}
2021-01-24 09:52:10.494921	0.39682539682539686	solution_participation,annotation_sg_everything	{'clf': DecisionTreeClassifier(max_features='sqrt', random_state=42), 'clf__class_weight': None}
2021-01-24 09:52:11.221620	0.46031746031746035	solution_participation,fast_text	"{'clf': DecisionTreeClassifier(class_weight='balanced', max_features='sqrt',
                       random_state=42), 'clf__class_weight': 'balanced'}"
2021-01-24 09:52:11.776526	0.48809523809523814	annotation_tf_everything,annotation_sg_everything	{'clf': DecisionTreeClassifier(max_features='sqrt', random_state=42), 'clf__class_weight': None}
2021-01-24 09:52:12.520560	0.7797619047619047	annotation_tf_everything,fast_text	"{'clf': DecisionTreeClassifier(class_weight='balanced', max_features='sqrt',
                       random_state=42), 'clf__class_weight': 'balanced'}"
2021-01-24 09:52:13.126425	0.5813492063492063	annotation_sg_everything,fast_text	{'clf': DecisionTreeClassifier(max_features='sqrt', random_state=42), 'clf__class_weight': None}
2021-01-24 09:52:13.832431	0.46825396825396826	meta_feats,annotation,sc_turns	"{'clf': DecisionTreeClassifier(class_weight='balanced', max_features='sqrt',
                       random_state=42), 'clf__class_weight': 'balanced'}"
2021-01-24 09:52:14.493124	0.49801587301587297	meta_feats,annotation,sc_messages	"{'clf': DecisionTreeClassifier(class_weight='balanced', max_features='sqrt',
                       random_state=42), 'clf__class_weight': 'balanced'}"
2021-01-24 09:52:15.062948	0.48214285714285715	meta_feats,annotation,solution_participation	{'clf': DecisionTreeClassifier(max_features='sqrt', random_state=42), 'clf__class_weight': None}
2021-01-24 09:52:15.706522	0.6369047619047619	meta_feats,annotation,annotation_tf_everything	{'clf': DecisionTreeClassifier(max_features='sqrt', random_state=42), 'clf__class_weight': None}
2021-01-24 09:52:16.349656	0.5178571428571428	meta_feats,annotation,annotation_sg_everything	{'clf': DecisionTreeClassifier(max_features='sqrt', random_state=42), 'clf__class_weight': None}
2021-01-24 09:52:16.919225	0.6309523809523809	meta_feats,annotation,fast_text	{'clf': DecisionTreeClassifier(max_features='sqrt', random_state=42), 'clf__class_weight': None}
2021-01-24 09:52:18.013832	0.48214285714285715	meta_feats,sc_turns,sc_messages	"{'clf': DecisionTreeClassifier(class_weight='balanced', max_features='sqrt',
                       random_state=42), 'clf__class_weight': 'balanced'}"
2021-01-24 09:52:18.706199	0.5317460317460317	meta_feats,sc_turns,solution_participation	"{'clf': DecisionTreeClassifier(class_weight='balanced', max_features='sqrt',
                       random_state=42), 'clf__class_weight': 'balanced'}"
2021-01-24 09:52:19.353209	0.46825396825396826	meta_feats,sc_turns,annotation_tf_everything	{'clf': DecisionTreeClassifier(max_features='sqrt', random_state=42), 'clf__class_weight': None}
2021-01-24 09:52:20.118005	0.41269841269841273	meta_feats,sc_turns,annotation_sg_everything	{'clf': DecisionTreeClassifier(max_features='sqrt', random_state=42), 'clf__class_weight': None}
2021-01-24 09:52:20.770032	0.5892857142857143	meta_feats,sc_turns,fast_text	{'clf': DecisionTreeClassifier(max_features='sqrt', random_state=42), 'clf__class_weight': None}
2021-01-24 09:52:21.388714	0.4265873015873016	meta_feats,sc_messages,solution_participation	"{'clf': DecisionTreeClassifier(class_weight='balanced', max_features='sqrt',
                       random_state=42), 'clf__class_weight': 'balanced'}"
2021-01-24 09:52:21.965459	0.5396825396825397	meta_feats,sc_messages,annotation_tf_everything	"{'clf': DecisionTreeClassifier(class_weight='balanced', max_features='sqrt',
                       random_state=42), 'clf__class_weight': 'balanced'}"
2021-01-24 09:52:22.665374	0.5396825396825397	meta_feats,sc_messages,annotation_sg_everything	{'clf': DecisionTreeClassifier(max_features='sqrt', random_state=42), 'clf__class_weight': None}
2021-01-24 09:52:23.378567	0.6091269841269842	meta_feats,sc_messages,fast_text	"{'clf': DecisionTreeClassifier(class_weight='balanced', max_features='sqrt',
                       random_state=42), 'clf__class_weight': 'balanced'}"
2021-01-24 09:52:24.240459	0.6091269841269842	meta_feats,solution_participation,annotation_tf_everything	{'clf': DecisionTreeClassifier(max_features='sqrt', random_state=42), 'clf__class_weight': None}
2021-01-24 09:52:24.785779	0.503968253968254	meta_feats,solution_participation,annotation_sg_everything	{'clf': DecisionTreeClassifier(max_features='sqrt', random_state=42), 'clf__class_weight': None}
2021-01-24 09:52:25.374401	0.5813492063492063	meta_feats,solution_participation,fast_text	{'clf': DecisionTreeClassifier(max_features='sqrt', random_state=42), 'clf__class_weight': None}
2021-01-24 09:52:26.039832	0.5873015873015872	meta_feats,annotation_tf_everything,annotation_sg_everything	"{'clf': DecisionTreeClassifier(class_weight='balanced', max_features='sqrt',
                       random_state=42), 'clf__class_weight': 'balanced'}"
2021-01-24 09:52:26.663173	0.5952380952380953	meta_feats,annotation_tf_everything,fast_text	{'clf': DecisionTreeClassifier(max_features='sqrt', random_state=42), 'clf__class_weight': None}
2021-01-24 09:52:27.212686	0.3829365079365079	meta_feats,annotation_sg_everything,fast_text	{'clf': DecisionTreeClassifier(max_features='sqrt', random_state=42), 'clf__class_weight': None}
2021-01-24 09:52:28.173129	0.44841269841269843	annotation,sc_turns,sc_messages	{'clf': DecisionTreeClassifier(max_features='sqrt', random_state=42), 'clf__class_weight': None}
2021-01-24 09:52:28.906410	0.39087301587301587	annotation,sc_turns,solution_participation	"{'clf': DecisionTreeClassifier(class_weight='balanced', max_features='sqrt',
                       random_state=42), 'clf__class_weight': 'balanced'}"
2021-01-24 09:52:29.582916	0.44841269841269843	annotation,sc_turns,annotation_tf_everything	{'clf': DecisionTreeClassifier(max_features='sqrt', random_state=42), 'clf__class_weight': None}
2021-01-24 09:52:30.243963	0.6746031746031745	annotation,sc_turns,annotation_sg_everything	{'clf': DecisionTreeClassifier(max_features='sqrt', random_state=42), 'clf__class_weight': None}
2021-01-24 09:52:30.855311	0.6805555555555556	annotation,sc_turns,fast_text	{'clf': DecisionTreeClassifier(max_features='sqrt', random_state=42), 'clf__class_weight': None}
2021-01-24 09:52:31.388918	0.4265873015873016	annotation,sc_messages,solution_participation	"{'clf': DecisionTreeClassifier(class_weight='balanced', max_features='sqrt',
                       random_state=42), 'clf__class_weight': 'balanced'}"
2021-01-24 09:52:31.999436	0.39880952380952384	annotation,sc_messages,annotation_tf_everything	"{'clf': DecisionTreeClassifier(class_weight='balanced', max_features='sqrt',
                       random_state=42), 'clf__class_weight': 'balanced'}"
2021-01-24 09:52:32.774506	0.5396825396825397	annotation,sc_messages,annotation_sg_everything	"{'clf': DecisionTreeClassifier(class_weight='balanced', max_features='sqrt',
                       random_state=42), 'clf__class_weight': 'balanced'}"
2021-01-24 09:52:33.706009	0.44642857142857145	annotation,sc_messages,fast_text	{'clf': DecisionTreeClassifier(max_features='sqrt', random_state=42), 'clf__class_weight': None}
2021-01-24 09:52:34.305808	0.3333333333333333	annotation,solution_participation,annotation_tf_everything	"{'clf': DecisionTreeClassifier(class_weight='balanced', max_features='sqrt',
                       random_state=42), 'clf__class_weight': 'balanced'}"
2021-01-24 09:52:34.874760	0.3888888888888889	annotation,solution_participation,annotation_sg_everything	{'clf': DecisionTreeClassifier(max_features='sqrt', random_state=42), 'clf__class_weight': None}
2021-01-24 09:52:35.497781	0.5813492063492063	annotation,solution_participation,fast_text	{'clf': DecisionTreeClassifier(max_features='sqrt', random_state=42), 'clf__class_weight': None}
2021-01-24 09:52:36.150412	0.42460317460317454	annotation,annotation_tf_everything,annotation_sg_everything	{'clf': DecisionTreeClassifier(max_features='sqrt', random_state=42), 'clf__class_weight': None}
2021-01-24 09:52:36.761281	0.6448412698412699	annotation,annotation_tf_everything,fast_text	{'clf': DecisionTreeClassifier(max_features='sqrt', random_state=42), 'clf__class_weight': None}
2021-01-24 09:52:37.556739	0.5873015873015872	annotation,annotation_sg_everything,fast_text	{'clf': DecisionTreeClassifier(max_features='sqrt', random_state=42), 'clf__class_weight': None}
2021-01-24 09:52:38.123966	0.41269841269841273	sc_turns,sc_messages,solution_participation	{'clf': DecisionTreeClassifier(max_features='sqrt', random_state=42), 'clf__class_weight': None}
2021-01-24 09:52:38.768823	0.44642857142857145	sc_turns,sc_messages,annotation_tf_everything	{'clf': DecisionTreeClassifier(max_features='sqrt', random_state=42), 'clf__class_weight': None}
2021-01-24 09:52:39.324936	0.2996031746031746	sc_turns,sc_messages,annotation_sg_everything	{'clf': DecisionTreeClassifier(max_features='sqrt', random_state=42), 'clf__class_weight': None}
2021-01-24 09:52:39.920263	0.5238095238095238	sc_turns,sc_messages,fast_text	"{'clf': DecisionTreeClassifier(class_weight='balanced', max_features='sqrt',
                       random_state=42), 'clf__class_weight': 'balanced'}"
2021-01-24 09:52:40.700263	0.6031746031746033	sc_turns,solution_participation,annotation_tf_everything	{'clf': DecisionTreeClassifier(max_features='sqrt', random_state=42), 'clf__class_weight': None}
2021-01-24 09:52:41.503377	0.49603174603174605	sc_turns,solution_participation,annotation_sg_everything	{'clf': DecisionTreeClassifier(max_features='sqrt', random_state=42), 'clf__class_weight': None}
2021-01-24 09:52:42.174057	0.46825396825396826	sc_turns,solution_participation,fast_text	{'clf': DecisionTreeClassifier(max_features='sqrt', random_state=42), 'clf__class_weight': None}
2021-01-24 09:52:42.821764	0.5753968253968254	sc_turns,annotation_tf_everything,annotation_sg_everything	{'clf': DecisionTreeClassifier(max_features='sqrt', random_state=42), 'clf__class_weight': None}
2021-01-24 09:52:43.671993	0.5813492063492063	sc_turns,annotation_tf_everything,fast_text	"{'clf': DecisionTreeClassifier(class_weight='balanced', max_features='sqrt',
                       random_state=42), 'clf__class_weight': 'balanced'}"
2021-01-24 09:52:44.315209	0.6666666666666667	sc_turns,annotation_sg_everything,fast_text	{'clf': DecisionTreeClassifier(max_features='sqrt', random_state=42), 'clf__class_weight': None}
2021-01-24 09:52:44.920738	0.48412698412698413	sc_messages,solution_participation,annotation_tf_everything	"{'clf': DecisionTreeClassifier(class_weight='balanced', max_features='sqrt',
                       random_state=42), 'clf__class_weight': 'balanced'}"
2021-01-24 09:52:45.763729	0.5376984126984128	sc_messages,solution_participation,annotation_sg_everything	{'clf': DecisionTreeClassifier(max_features='sqrt', random_state=42), 'clf__class_weight': None}
2021-01-24 09:52:46.340406	0.46031746031746035	sc_messages,solution_participation,fast_text	{'clf': DecisionTreeClassifier(max_features='sqrt', random_state=42), 'clf__class_weight': None}
2021-01-24 09:52:47.016016	0.47420634920634924	sc_messages,annotation_tf_everything,annotation_sg_everything	{'clf': DecisionTreeClassifier(max_features='sqrt', random_state=42), 'clf__class_weight': None}
2021-01-24 09:52:47.665793	0.5317460317460317	sc_messages,annotation_tf_everything,fast_text	{'clf': DecisionTreeClassifier(max_features='sqrt', random_state=42), 'clf__class_weight': None}
2021-01-24 09:52:48.268967	0.48412698412698413	sc_messages,annotation_sg_everything,fast_text	{'clf': DecisionTreeClassifier(max_features='sqrt', random_state=42), 'clf__class_weight': None}
2021-01-24 09:52:48.807320	0.43253968253968256	solution_participation,annotation_tf_everything,annotation_sg_everything	{'clf': DecisionTreeClassifier(max_features='sqrt', random_state=42), 'clf__class_weight': None}
2021-01-24 09:52:49.497748	0.6309523809523809	solution_participation,annotation_tf_everything,fast_text	"{'clf': DecisionTreeClassifier(class_weight='balanced', max_features='sqrt',
                       random_state=42), 'clf__class_weight': 'balanced'}"
2021-01-24 09:52:49.993535	0.5813492063492063	solution_participation,annotation_sg_everything,fast_text	{'clf': DecisionTreeClassifier(max_features='sqrt', random_state=42), 'clf__class_weight': None}
2021-01-24 09:52:50.659394	0.5535714285714286	annotation_tf_everything,annotation_sg_everything,fast_text	{'clf': DecisionTreeClassifier(max_features='sqrt', random_state=42), 'clf__class_weight': None}
2021-01-24 09:52:51.157998	0.4107142857142857	meta_feats,annotation,sc_turns,sc_messages	{'clf': DecisionTreeClassifier(max_features='sqrt', random_state=42), 'clf__class_weight': None}
2021-01-24 09:52:52.388937	0.41269841269841273	meta_feats,annotation,sc_turns,solution_participation	"{'clf': DecisionTreeClassifier(class_weight='balanced', max_features='sqrt',
                       random_state=42), 'clf__class_weight': 'balanced'}"
2021-01-24 09:52:53.294112	0.47420634920634924	meta_feats,annotation,sc_turns,annotation_tf_everything	{'clf': DecisionTreeClassifier(max_features='sqrt', random_state=42), 'clf__class_weight': None}
2021-01-24 09:52:53.838102	0.3551587301587301	meta_feats,annotation,sc_turns,annotation_sg_everything	"{'clf': DecisionTreeClassifier(class_weight='balanced', max_features='sqrt',
                       random_state=42), 'clf__class_weight': 'balanced'}"
2021-01-24 09:52:54.509652	0.40476190476190477	meta_feats,annotation,sc_turns,fast_text	"{'clf': DecisionTreeClassifier(class_weight='balanced', max_features='sqrt',
                       random_state=42), 'clf__class_weight': 'balanced'}"
2021-01-24 09:52:55.010812	0.48809523809523814	meta_feats,annotation,sc_messages,solution_participation	"{'clf': DecisionTreeClassifier(class_weight='balanced', max_features='sqrt',
                       random_state=42), 'clf__class_weight': 'balanced'}"
2021-01-24 09:52:55.622934	0.6746031746031745	meta_feats,annotation,sc_messages,annotation_tf_everything	{'clf': DecisionTreeClassifier(max_features='sqrt', random_state=42), 'clf__class_weight': None}
2021-01-24 09:52:56.108100	0.49603174603174605	meta_feats,annotation,sc_messages,annotation_sg_everything	{'clf': DecisionTreeClassifier(max_features='sqrt', random_state=42), 'clf__class_weight': None}
2021-01-24 09:52:56.776018	0.6091269841269842	meta_feats,annotation,sc_messages,fast_text	"{'clf': DecisionTreeClassifier(class_weight='balanced', max_features='sqrt',
                       random_state=42), 'clf__class_weight': 'balanced'}"
2021-01-24 09:52:57.506634	0.46230158730158727	meta_feats,annotation,solution_participation,annotation_tf_everything	"{'clf': DecisionTreeClassifier(class_weight='balanced', max_features='sqrt',
                       random_state=42), 'clf__class_weight': 'balanced'}"
2021-01-24 09:52:58.223516	0.5456349206349207	meta_feats,annotation,solution_participation,annotation_sg_everything	"{'clf': DecisionTreeClassifier(class_weight='balanced', max_features='sqrt',
                       random_state=42), 'clf__class_weight': 'balanced'}"
2021-01-24 09:52:58.823455	0.5813492063492063	meta_feats,annotation,solution_participation,fast_text	"{'clf': DecisionTreeClassifier(class_weight='balanced', max_features='sqrt',
                       random_state=42), 'clf__class_weight': 'balanced'}"
2021-01-24 09:52:59.388647	0.41269841269841273	meta_feats,annotation,annotation_tf_everything,annotation_sg_everything	{'clf': DecisionTreeClassifier(max_features='sqrt', random_state=42), 'clf__class_weight': None}
2021-01-24 09:52:59.939202	0.5595238095238095	meta_feats,annotation,annotation_tf_everything,fast_text	"{'clf': DecisionTreeClassifier(class_weight='balanced', max_features='sqrt',
                       random_state=42), 'clf__class_weight': 'balanced'}"
2021-01-24 09:53:00.677237	0.6607142857142857	meta_feats,annotation,annotation_sg_everything,fast_text	"{'clf': DecisionTreeClassifier(class_weight='balanced', max_features='sqrt',
                       random_state=42), 'clf__class_weight': 'balanced'}"
2021-01-24 09:53:01.252592	0.39880952380952384	meta_feats,sc_turns,sc_messages,solution_participation	"{'clf': DecisionTreeClassifier(class_weight='balanced', max_features='sqrt',
                       random_state=42), 'clf__class_weight': 'balanced'}"
2021-01-24 09:53:01.901857	0.46825396825396826	meta_feats,sc_turns,sc_messages,annotation_tf_everything	"{'clf': DecisionTreeClassifier(class_weight='balanced', max_features='sqrt',
                       random_state=42), 'clf__class_weight': 'balanced'}"
2021-01-24 09:53:02.508098	0.44642857142857145	meta_feats,sc_turns,sc_messages,annotation_sg_everything	{'clf': DecisionTreeClassifier(max_features='sqrt', random_state=42), 'clf__class_weight': None}
2021-01-24 09:53:03.195619	0.44642857142857145	meta_feats,sc_turns,sc_messages,fast_text	"{'clf': DecisionTreeClassifier(class_weight='balanced', max_features='sqrt',
                       random_state=42), 'clf__class_weight': 'balanced'}"
2021-01-24 09:53:03.695500	0.5615079365079365	meta_feats,sc_turns,solution_participation,annotation_tf_everything	{'clf': DecisionTreeClassifier(max_features='sqrt', random_state=42), 'clf__class_weight': None}
2021-01-24 09:53:04.317823	0.5615079365079365	meta_feats,sc_turns,solution_participation,annotation_sg_everything	"{'clf': DecisionTreeClassifier(class_weight='balanced', max_features='sqrt',
                       random_state=42), 'clf__class_weight': 'balanced'}"
2021-01-24 09:53:04.786593	0.5734126984126984	meta_feats,sc_turns,solution_participation,fast_text	{'clf': DecisionTreeClassifier(max_features='sqrt', random_state=42), 'clf__class_weight': None}
2021-01-24 09:53:05.429523	0.5892857142857143	meta_feats,sc_turns,annotation_tf_everything,annotation_sg_everything	{'clf': DecisionTreeClassifier(max_features='sqrt', random_state=42), 'clf__class_weight': None}
2021-01-24 09:53:05.972334	0.5317460317460317	meta_feats,sc_turns,annotation_tf_everything,fast_text	{'clf': DecisionTreeClassifier(max_features='sqrt', random_state=42), 'clf__class_weight': None}
2021-01-24 09:53:06.623955	0.6031746031746033	meta_feats,sc_turns,annotation_sg_everything,fast_text	{'clf': DecisionTreeClassifier(max_features='sqrt', random_state=42), 'clf__class_weight': None}
2021-01-24 09:53:07.334736	0.369047619047619	meta_feats,sc_messages,solution_participation,annotation_tf_everything	"{'clf': DecisionTreeClassifier(class_weight='balanced', max_features='sqrt',
                       random_state=42), 'clf__class_weight': 'balanced'}"
2021-01-24 09:53:07.985470	0.5396825396825397	meta_feats,sc_messages,solution_participation,annotation_sg_everything	"{'clf': DecisionTreeClassifier(class_weight='balanced', max_features='sqrt',
                       random_state=42), 'clf__class_weight': 'balanced'}"
2021-01-24 09:53:08.712539	0.46230158730158727	meta_feats,sc_messages,solution_participation,fast_text	"{'clf': DecisionTreeClassifier(class_weight='balanced', max_features='sqrt',
                       random_state=42), 'clf__class_weight': 'balanced'}"
2021-01-24 09:53:09.514858	0.39880952380952384	meta_feats,sc_messages,annotation_tf_everything,annotation_sg_everything	{'clf': DecisionTreeClassifier(max_features='sqrt', random_state=42), 'clf__class_weight': None}
2021-01-24 09:53:10.298163	0.5952380952380953	meta_feats,sc_messages,annotation_tf_everything,fast_text	{'clf': DecisionTreeClassifier(max_features='sqrt', random_state=42), 'clf__class_weight': None}
2021-01-24 09:53:10.980813	0.48809523809523814	meta_feats,sc_messages,annotation_sg_everything,fast_text	{'clf': DecisionTreeClassifier(max_features='sqrt', random_state=42), 'clf__class_weight': None}
2021-01-24 09:53:11.579068	0.5396825396825397	meta_feats,solution_participation,annotation_tf_everything,annotation_sg_everything	{'clf': DecisionTreeClassifier(max_features='sqrt', random_state=42), 'clf__class_weight': None}
2021-01-24 09:53:12.727635	0.5257936507936508	meta_feats,solution_participation,annotation_tf_everything,fast_text	{'clf': DecisionTreeClassifier(max_features='sqrt', random_state=42), 'clf__class_weight': None}
2021-01-24 09:53:13.805930	0.5476190476190477	meta_feats,solution_participation,annotation_sg_everything,fast_text	"{'clf': DecisionTreeClassifier(class_weight='balanced', max_features='sqrt',
                       random_state=42), 'clf__class_weight': 'balanced'}"
2021-01-24 09:53:15.145740	0.49007936507936506	meta_feats,annotation_tf_everything,annotation_sg_everything,fast_text	"{'clf': DecisionTreeClassifier(class_weight='balanced', max_features='sqrt',
                       random_state=42), 'clf__class_weight': 'balanced'}"
2021-01-24 09:53:15.825967	0.44047619047619047	annotation,sc_turns,sc_messages,solution_participation	{'clf': DecisionTreeClassifier(max_features='sqrt', random_state=42), 'clf__class_weight': None}
2021-01-24 09:53:16.745284	0.44642857142857145	annotation,sc_turns,sc_messages,annotation_tf_everything	{'clf': DecisionTreeClassifier(max_features='sqrt', random_state=42), 'clf__class_weight': None}
2021-01-24 09:53:17.552227	0.44841269841269843	annotation,sc_turns,sc_messages,annotation_sg_everything	"{'clf': DecisionTreeClassifier(class_weight='balanced', max_features='sqrt',
                       random_state=42), 'clf__class_weight': 'balanced'}"
2021-01-24 09:53:18.360122	0.4107142857142857	annotation,sc_turns,sc_messages,fast_text	"{'clf': DecisionTreeClassifier(class_weight='balanced', max_features='sqrt',
                       random_state=42), 'clf__class_weight': 'balanced'}"
2021-01-24 09:53:19.193148	0.625	annotation,sc_turns,solution_participation,annotation_tf_everything	"{'clf': DecisionTreeClassifier(class_weight='balanced', max_features='sqrt',
                       random_state=42), 'clf__class_weight': 'balanced'}"
2021-01-24 09:53:19.955466	0.49801587301587297	annotation,sc_turns,solution_participation,annotation_sg_everything	"{'clf': DecisionTreeClassifier(class_weight='balanced', max_features='sqrt',
                       random_state=42), 'clf__class_weight': 'balanced'}"
2021-01-24 09:53:21.474814	0.744047619047619	annotation,sc_turns,solution_participation,fast_text	{'clf': DecisionTreeClassifier(max_features='sqrt', random_state=42), 'clf__class_weight': None}
2021-01-24 09:53:22.524695	0.46031746031746035	annotation,sc_turns,annotation_tf_everything,annotation_sg_everything	"{'clf': DecisionTreeClassifier(class_weight='balanced', max_features='sqrt',
                       random_state=42), 'clf__class_weight': 'balanced'}"
2021-01-24 09:53:23.204229	0.44841269841269843	annotation,sc_turns,annotation_tf_everything,fast_text	"{'clf': DecisionTreeClassifier(class_weight='balanced', max_features='sqrt',
                       random_state=42), 'clf__class_weight': 'balanced'}"
2021-01-24 09:53:23.864465	0.5376984126984128	annotation,sc_turns,annotation_sg_everything,fast_text	{'clf': DecisionTreeClassifier(max_features='sqrt', random_state=42), 'clf__class_weight': None}
2021-01-24 09:53:24.542115	0.49801587301587297	annotation,sc_messages,solution_participation,annotation_tf_everything	"{'clf': DecisionTreeClassifier(class_weight='balanced', max_features='sqrt',
                       random_state=42), 'clf__class_weight': 'balanced'}"
2021-01-24 09:53:25.240252	0.43452380952380953	annotation,sc_messages,solution_participation,annotation_sg_everything	{'clf': DecisionTreeClassifier(max_features='sqrt', random_state=42), 'clf__class_weight': None}
2021-01-24 09:53:26.040369	0.503968253968254	annotation,sc_messages,solution_participation,fast_text	"{'clf': DecisionTreeClassifier(class_weight='balanced', max_features='sqrt',
                       random_state=42), 'clf__class_weight': 'balanced'}"
2021-01-24 09:53:26.793758	0.3551587301587301	annotation,sc_messages,annotation_tf_everything,annotation_sg_everything	"{'clf': DecisionTreeClassifier(class_weight='balanced', max_features='sqrt',
                       random_state=42), 'clf__class_weight': 'balanced'}"
2021-01-24 09:53:27.520735	0.39880952380952384	annotation,sc_messages,annotation_tf_everything,fast_text	"{'clf': DecisionTreeClassifier(class_weight='balanced', max_features='sqrt',
                       random_state=42), 'clf__class_weight': 'balanced'}"
2021-01-24 09:53:28.208337	0.49007936507936506	annotation,sc_messages,annotation_sg_everything,fast_text	{'clf': DecisionTreeClassifier(max_features='sqrt', random_state=42), 'clf__class_weight': None}
2021-01-24 09:53:28.757362	0.6388888888888888	annotation,solution_participation,annotation_tf_everything,annotation_sg_everything	{'clf': DecisionTreeClassifier(max_features='sqrt', random_state=42), 'clf__class_weight': None}
2021-01-24 09:53:29.472823	0.37698412698412703	annotation,solution_participation,annotation_tf_everything,fast_text	{'clf': DecisionTreeClassifier(max_features='sqrt', random_state=42), 'clf__class_weight': None}
2021-01-24 09:53:30.027699	0.5238095238095238	annotation,solution_participation,annotation_sg_everything,fast_text	"{'clf': DecisionTreeClassifier(class_weight='balanced', max_features='sqrt',
                       random_state=42), 'clf__class_weight': 'balanced'}"
2021-01-24 09:53:31.056864	0.6091269841269842	annotation,annotation_tf_everything,annotation_sg_everything,fast_text	{'clf': DecisionTreeClassifier(max_features='sqrt', random_state=42), 'clf__class_weight': None}
2021-01-24 09:53:31.816299	0.5476190476190477	sc_turns,sc_messages,solution_participation,annotation_tf_everything	{'clf': DecisionTreeClassifier(max_features='sqrt', random_state=42), 'clf__class_weight': None}
2021-01-24 09:53:33.035361	0.44047619047619047	sc_turns,sc_messages,solution_participation,annotation_sg_everything	"{'clf': DecisionTreeClassifier(class_weight='balanced', max_features='sqrt',
                       random_state=42), 'clf__class_weight': 'balanced'}"
2021-01-24 09:53:34.130029	0.5535714285714286	sc_turns,sc_messages,solution_participation,fast_text	"{'clf': DecisionTreeClassifier(class_weight='balanced', max_features='sqrt',
                       random_state=42), 'clf__class_weight': 'balanced'}"
2021-01-24 09:53:34.864604	0.40674603174603174	sc_turns,sc_messages,annotation_tf_everything,annotation_sg_everything	{'clf': DecisionTreeClassifier(max_features='sqrt', random_state=42), 'clf__class_weight': None}
2021-01-24 09:53:35.747963	0.48412698412698413	sc_turns,sc_messages,annotation_tf_everything,fast_text	"{'clf': DecisionTreeClassifier(class_weight='balanced', max_features='sqrt',
                       random_state=42), 'clf__class_weight': 'balanced'}"
2021-01-24 09:53:37.297128	0.48214285714285715	sc_turns,sc_messages,annotation_sg_everything,fast_text	"{'clf': DecisionTreeClassifier(class_weight='balanced', max_features='sqrt',
                       random_state=42), 'clf__class_weight': 'balanced'}"
2021-01-24 09:53:38.133886	0.49007936507936506	sc_turns,solution_participation,annotation_tf_everything,annotation_sg_everything	{'clf': DecisionTreeClassifier(max_features='sqrt', random_state=42), 'clf__class_weight': None}
2021-01-24 09:53:39.253459	0.5813492063492063	sc_turns,solution_participation,annotation_tf_everything,fast_text	"{'clf': DecisionTreeClassifier(class_weight='balanced', max_features='sqrt',
                       random_state=42), 'clf__class_weight': 'balanced'}"
2021-01-24 09:53:39.912057	0.5099206349206349	sc_turns,solution_participation,annotation_sg_everything,fast_text	{'clf': DecisionTreeClassifier(max_features='sqrt', random_state=42), 'clf__class_weight': None}
2021-01-24 09:53:40.811152	0.44642857142857145	sc_turns,annotation_tf_everything,annotation_sg_everything,fast_text	"{'clf': DecisionTreeClassifier(class_weight='balanced', max_features='sqrt',
                       random_state=42), 'clf__class_weight': 'balanced'}"
2021-01-24 09:53:41.503468	0.5317460317460317	sc_messages,solution_participation,annotation_tf_everything,annotation_sg_everything	{'clf': DecisionTreeClassifier(max_features='sqrt', random_state=42), 'clf__class_weight': None}
2021-01-24 09:53:42.295992	0.5376984126984128	sc_messages,solution_participation,annotation_tf_everything,fast_text	"{'clf': DecisionTreeClassifier(class_weight='balanced', max_features='sqrt',
                       random_state=42), 'clf__class_weight': 'balanced'}"
2021-01-24 09:53:43.005989	0.5099206349206349	sc_messages,solution_participation,annotation_sg_everything,fast_text	"{'clf': DecisionTreeClassifier(class_weight='balanced', max_features='sqrt',
                       random_state=42), 'clf__class_weight': 'balanced'}"
2021-01-24 09:53:43.633586	0.48214285714285715	sc_messages,annotation_tf_everything,annotation_sg_everything,fast_text	{'clf': DecisionTreeClassifier(max_features='sqrt', random_state=42), 'clf__class_weight': None}
2021-01-24 09:53:44.330617	0.503968253968254	solution_participation,annotation_tf_everything,annotation_sg_everything,fast_text	{'clf': DecisionTreeClassifier(max_features='sqrt', random_state=42), 'clf__class_weight': None}
2021-01-24 09:53:44.831474	0.6527777777777778	meta_feats,annotation,sc_turns,sc_messages,solution_participation	"{'clf': DecisionTreeClassifier(class_weight='balanced', max_features='sqrt',
                       random_state=42), 'clf__class_weight': 'balanced'}"
2021-01-24 09:53:45.730423	0.29365079365079366	meta_feats,annotation,sc_turns,sc_messages,annotation_tf_everything	{'clf': DecisionTreeClassifier(max_features='sqrt', random_state=42), 'clf__class_weight': None}
2021-01-24 09:53:46.430163	0.5317460317460317	meta_feats,annotation,sc_turns,sc_messages,annotation_sg_everything	"{'clf': DecisionTreeClassifier(class_weight='balanced', max_features='sqrt',
                       random_state=42), 'clf__class_weight': 'balanced'}"
2021-01-24 09:53:47.213638	0.6170634920634921	meta_feats,annotation,sc_turns,sc_messages,fast_text	{'clf': DecisionTreeClassifier(max_features='sqrt', random_state=42), 'clf__class_weight': None}
2021-01-24 09:53:47.969768	0.49007936507936506	meta_feats,annotation,sc_turns,solution_participation,annotation_tf_everything	{'clf': DecisionTreeClassifier(max_features='sqrt', random_state=42), 'clf__class_weight': None}
2021-01-24 09:53:48.641629	0.45436507936507936	meta_feats,annotation,sc_turns,solution_participation,annotation_sg_everything	{'clf': DecisionTreeClassifier(max_features='sqrt', random_state=42), 'clf__class_weight': None}
2021-01-24 09:53:49.242914	0.49007936507936506	meta_feats,annotation,sc_turns,solution_participation,fast_text	{'clf': DecisionTreeClassifier(max_features='sqrt', random_state=42), 'clf__class_weight': None}
2021-01-24 09:53:50.024020	0.40476190476190477	meta_feats,annotation,sc_turns,annotation_tf_everything,annotation_sg_everything	"{'clf': DecisionTreeClassifier(class_weight='balanced', max_features='sqrt',
                       random_state=42), 'clf__class_weight': 'balanced'}"
2021-01-24 09:53:50.839544	0.43253968253968256	meta_feats,annotation,sc_turns,annotation_tf_everything,fast_text	{'clf': DecisionTreeClassifier(max_features='sqrt', random_state=42), 'clf__class_weight': None}
2021-01-24 09:53:51.412851	0.46825396825396826	meta_feats,annotation,sc_turns,annotation_sg_everything,fast_text	{'clf': DecisionTreeClassifier(max_features='sqrt', random_state=42), 'clf__class_weight': None}
2021-01-24 09:53:52.223107	0.46825396825396826	meta_feats,annotation,sc_messages,solution_participation,annotation_tf_everything	"{'clf': DecisionTreeClassifier(class_weight='balanced', max_features='sqrt',
                       random_state=42), 'clf__class_weight': 'balanced'}"
2021-01-24 09:53:52.790501	0.3134920634920635	meta_feats,annotation,sc_messages,solution_participation,annotation_sg_everything	{'clf': DecisionTreeClassifier(max_features='sqrt', random_state=42), 'clf__class_weight': None}
2021-01-24 09:53:53.355644	0.6805555555555556	meta_feats,annotation,sc_messages,solution_participation,fast_text	{'clf': DecisionTreeClassifier(max_features='sqrt', random_state=42), 'clf__class_weight': None}
2021-01-24 09:53:54.011822	0.5337301587301587	meta_feats,annotation,sc_messages,annotation_tf_everything,annotation_sg_everything	{'clf': DecisionTreeClassifier(max_features='sqrt', random_state=42), 'clf__class_weight': None}
2021-01-24 09:53:54.781416	0.5317460317460317	meta_feats,annotation,sc_messages,annotation_tf_everything,fast_text	"{'clf': DecisionTreeClassifier(class_weight='balanced', max_features='sqrt',
                       random_state=42), 'clf__class_weight': 'balanced'}"
2021-01-24 09:53:55.379276	0.6865079365079365	meta_feats,annotation,sc_messages,annotation_sg_everything,fast_text	{'clf': DecisionTreeClassifier(max_features='sqrt', random_state=42), 'clf__class_weight': None}
2021-01-24 09:53:56.112112	0.6746031746031745	meta_feats,annotation,solution_participation,annotation_tf_everything,annotation_sg_everything	{'clf': DecisionTreeClassifier(max_features='sqrt', random_state=42), 'clf__class_weight': None}
2021-01-24 09:53:58.254907	0.44642857142857145	meta_feats,annotation,solution_participation,annotation_tf_everything,fast_text	"{'clf': DecisionTreeClassifier(class_weight='balanced', max_features='sqrt',
                       random_state=42), 'clf__class_weight': 'balanced'}"
2021-01-24 09:53:59.043312	0.6091269841269842	meta_feats,annotation,solution_participation,annotation_sg_everything,fast_text	{'clf': DecisionTreeClassifier(max_features='sqrt', random_state=42), 'clf__class_weight': None}
2021-01-24 09:53:59.819594	0.48412698412698413	meta_feats,annotation,annotation_tf_everything,annotation_sg_everything,fast_text	{'clf': DecisionTreeClassifier(max_features='sqrt', random_state=42), 'clf__class_weight': None}
2021-01-24 09:54:01.136789	0.48214285714285715	meta_feats,sc_turns,sc_messages,solution_participation,annotation_tf_everything	"{'clf': DecisionTreeClassifier(class_weight='balanced', max_features='sqrt',
                       random_state=42), 'clf__class_weight': 'balanced'}"
2021-01-24 09:54:02.031355	0.43452380952380953	meta_feats,sc_turns,sc_messages,solution_participation,annotation_sg_everything	{'clf': DecisionTreeClassifier(max_features='sqrt', random_state=42), 'clf__class_weight': None}
2021-01-24 09:54:03.160807	0.44642857142857145	meta_feats,sc_turns,sc_messages,solution_participation,fast_text	{'clf': DecisionTreeClassifier(max_features='sqrt', random_state=42), 'clf__class_weight': None}
2021-01-24 09:54:04.456732	0.44841269841269843	meta_feats,sc_turns,sc_messages,annotation_tf_everything,annotation_sg_everything	{'clf': DecisionTreeClassifier(max_features='sqrt', random_state=42), 'clf__class_weight': None}
2021-01-24 09:54:06.181378	0.5317460317460317	meta_feats,sc_turns,sc_messages,annotation_tf_everything,fast_text	{'clf': DecisionTreeClassifier(max_features='sqrt', random_state=42), 'clf__class_weight': None}
2021-01-24 09:54:07.280490	0.48214285714285715	meta_feats,sc_turns,sc_messages,annotation_sg_everything,fast_text	{'clf': DecisionTreeClassifier(max_features='sqrt', random_state=42), 'clf__class_weight': None}
2021-01-24 09:54:08.206275	0.5317460317460317	meta_feats,sc_turns,solution_participation,annotation_tf_everything,annotation_sg_everything	{'clf': DecisionTreeClassifier(max_features='sqrt', random_state=42), 'clf__class_weight': None}
2021-01-24 09:54:10.170348	0.5456349206349207	meta_feats,sc_turns,solution_participation,annotation_tf_everything,fast_text	{'clf': DecisionTreeClassifier(max_features='sqrt', random_state=42), 'clf__class_weight': None}
2021-01-24 09:54:11.487165	0.5734126984126984	meta_feats,sc_turns,solution_participation,annotation_sg_everything,fast_text	{'clf': DecisionTreeClassifier(max_features='sqrt', random_state=42), 'clf__class_weight': None}
2021-01-24 09:54:12.718939	0.5178571428571428	meta_feats,sc_turns,annotation_tf_everything,annotation_sg_everything,fast_text	{'clf': DecisionTreeClassifier(max_features='sqrt', random_state=42), 'clf__class_weight': None}
2021-01-24 09:54:14.148946	0.5674603174603174	meta_feats,sc_messages,solution_participation,annotation_tf_everything,annotation_sg_everything	"{'clf': DecisionTreeClassifier(class_weight='balanced', max_features='sqrt',
                       random_state=42), 'clf__class_weight': 'balanced'}"
2021-01-24 09:54:15.071736	0.4424603174603174	meta_feats,sc_messages,solution_participation,annotation_tf_everything,fast_text	{'clf': DecisionTreeClassifier(max_features='sqrt', random_state=42), 'clf__class_weight': None}
2021-01-24 09:54:16.312920	0.48809523809523814	meta_feats,sc_messages,solution_participation,annotation_sg_everything,fast_text	"{'clf': DecisionTreeClassifier(class_weight='balanced', max_features='sqrt',
                       random_state=42), 'clf__class_weight': 'balanced'}"
2021-01-24 09:54:17.604792	0.47420634920634924	meta_feats,sc_messages,annotation_tf_everything,annotation_sg_everything,fast_text	{'clf': DecisionTreeClassifier(max_features='sqrt', random_state=42), 'clf__class_weight': None}
2021-01-24 09:54:18.784909	0.6011904761904762	meta_feats,solution_participation,annotation_tf_everything,annotation_sg_everything,fast_text	{'clf': DecisionTreeClassifier(max_features='sqrt', random_state=42), 'clf__class_weight': None}
2021-01-24 09:54:20.321036	0.5674603174603174	annotation,sc_turns,sc_messages,solution_participation,annotation_tf_everything	{'clf': DecisionTreeClassifier(max_features='sqrt', random_state=42), 'clf__class_weight': None}
2021-01-24 09:54:22.054709	0.3412698412698413	annotation,sc_turns,sc_messages,solution_participation,annotation_sg_everything	{'clf': DecisionTreeClassifier(max_features='sqrt', random_state=42), 'clf__class_weight': None}
2021-01-24 09:54:23.397689	0.6031746031746033	annotation,sc_turns,sc_messages,solution_participation,fast_text	{'clf': DecisionTreeClassifier(max_features='sqrt', random_state=42), 'clf__class_weight': None}
2021-01-24 09:54:24.903452	0.503968253968254	annotation,sc_turns,sc_messages,annotation_tf_everything,annotation_sg_everything	"{'clf': DecisionTreeClassifier(class_weight='balanced', max_features='sqrt',
                       random_state=42), 'clf__class_weight': 'balanced'}"
2021-01-24 09:54:26.394528	0.5277777777777778	annotation,sc_turns,sc_messages,annotation_tf_everything,fast_text	{'clf': DecisionTreeClassifier(max_features='sqrt', random_state=42), 'clf__class_weight': None}
2021-01-24 09:54:28.479604	0.375	annotation,sc_turns,sc_messages,annotation_sg_everything,fast_text	"{'clf': DecisionTreeClassifier(class_weight='balanced', max_features='sqrt',
                       random_state=42), 'clf__class_weight': 'balanced'}"
2021-01-24 09:54:30.736547	0.3829365079365079	annotation,sc_turns,solution_participation,annotation_tf_everything,annotation_sg_everything	{'clf': DecisionTreeClassifier(max_features='sqrt', random_state=42), 'clf__class_weight': None}
2021-01-24 09:54:34.131695	0.5535714285714286	annotation,sc_turns,solution_participation,annotation_tf_everything,fast_text	{'clf': DecisionTreeClassifier(max_features='sqrt', random_state=42), 'clf__class_weight': None}
2021-01-24 09:54:37.952444	0.5019841269841271	annotation,sc_turns,solution_participation,annotation_sg_everything,fast_text	{'clf': DecisionTreeClassifier(max_features='sqrt', random_state=42), 'clf__class_weight': None}
2021-01-24 09:54:40.862356	0.5238095238095238	annotation,sc_turns,annotation_tf_everything,annotation_sg_everything,fast_text	"{'clf': DecisionTreeClassifier(class_weight='balanced', max_features='sqrt',
                       random_state=42), 'clf__class_weight': 'balanced'}"
2021-01-24 09:54:42.824420	0.46031746031746035	annotation,sc_messages,solution_participation,annotation_tf_everything,annotation_sg_everything	{'clf': DecisionTreeClassifier(max_features='sqrt', random_state=42), 'clf__class_weight': None}
2021-01-24 09:54:44.562766	0.44841269841269843	annotation,sc_messages,solution_participation,annotation_tf_everything,fast_text	"{'clf': DecisionTreeClassifier(class_weight='balanced', max_features='sqrt',
                       random_state=42), 'clf__class_weight': 'balanced'}"
2021-01-24 09:54:46.862910	0.36309523809523814	annotation,sc_messages,solution_participation,annotation_sg_everything,fast_text	"{'clf': DecisionTreeClassifier(class_weight='balanced', max_features='sqrt',
                       random_state=42), 'clf__class_weight': 'balanced'}"
2021-01-24 09:54:49.192592	0.5515873015873016	annotation,sc_messages,annotation_tf_everything,annotation_sg_everything,fast_text	"{'clf': DecisionTreeClassifier(class_weight='balanced', max_features='sqrt',
                       random_state=42), 'clf__class_weight': 'balanced'}"
2021-01-24 09:54:51.113772	0.503968253968254	annotation,solution_participation,annotation_tf_everything,annotation_sg_everything,fast_text	"{'clf': DecisionTreeClassifier(class_weight='balanced', max_features='sqrt',
                       random_state=42), 'clf__class_weight': 'balanced'}"
2021-01-24 09:54:53.302569	0.48214285714285715	sc_turns,sc_messages,solution_participation,annotation_tf_everything,annotation_sg_everything	{'clf': DecisionTreeClassifier(max_features='sqrt', random_state=42), 'clf__class_weight': None}
2021-01-24 09:54:55.302378	0.40476190476190477	sc_turns,sc_messages,solution_participation,annotation_tf_everything,fast_text	"{'clf': DecisionTreeClassifier(class_weight='balanced', max_features='sqrt',
                       random_state=42), 'clf__class_weight': 'balanced'}"
2021-01-24 09:54:57.252507	0.49007936507936506	sc_turns,sc_messages,solution_participation,annotation_sg_everything,fast_text	{'clf': DecisionTreeClassifier(max_features='sqrt', random_state=42), 'clf__class_weight': None}
2021-01-24 09:54:59.080796	0.49007936507936506	sc_turns,sc_messages,annotation_tf_everything,annotation_sg_everything,fast_text	{'clf': DecisionTreeClassifier(max_features='sqrt', random_state=42), 'clf__class_weight': None}
2021-01-24 09:55:01.185732	0.49603174603174605	sc_turns,solution_participation,annotation_tf_everything,annotation_sg_everything,fast_text	{'clf': DecisionTreeClassifier(max_features='sqrt', random_state=42), 'clf__class_weight': None}
2021-01-24 09:55:03.611940	0.4523809523809524	sc_messages,solution_participation,annotation_tf_everything,annotation_sg_everything,fast_text	{'clf': DecisionTreeClassifier(max_features='sqrt', random_state=42), 'clf__class_weight': None}
2021-01-24 09:55:06.637101	0.4424603174603174	meta_feats,annotation,sc_turns,sc_messages,solution_participation,annotation_tf_everything	"{'clf': DecisionTreeClassifier(class_weight='balanced', max_features='sqrt',
                       random_state=42), 'clf__class_weight': 'balanced'}"
2021-01-24 09:55:09.230558	0.46825396825396826	meta_feats,annotation,sc_turns,sc_messages,solution_participation,annotation_sg_everything	{'clf': DecisionTreeClassifier(max_features='sqrt', random_state=42), 'clf__class_weight': None}
2021-01-24 09:55:11.274048	0.8154761904761905	meta_feats,annotation,sc_turns,sc_messages,solution_participation,fast_text	{'clf': DecisionTreeClassifier(max_features='sqrt', random_state=42), 'clf__class_weight': None}
2021-01-24 09:55:13.545180	0.44642857142857145	meta_feats,annotation,sc_turns,sc_messages,annotation_tf_everything,annotation_sg_everything	"{'clf': DecisionTreeClassifier(class_weight='balanced', max_features='sqrt',
                       random_state=42), 'clf__class_weight': 'balanced'}"
2021-01-24 09:55:15.499518	0.503968253968254	meta_feats,annotation,sc_turns,sc_messages,annotation_tf_everything,fast_text	"{'clf': DecisionTreeClassifier(class_weight='balanced', max_features='sqrt',
                       random_state=42), 'clf__class_weight': 'balanced'}"
2021-01-24 09:55:16.445754	0.5813492063492063	meta_feats,annotation,sc_turns,sc_messages,annotation_sg_everything,fast_text	{'clf': DecisionTreeClassifier(max_features='sqrt', random_state=42), 'clf__class_weight': None}
2021-01-24 09:55:17.507565	0.46031746031746035	meta_feats,annotation,sc_turns,solution_participation,annotation_tf_everything,annotation_sg_everything	{'clf': DecisionTreeClassifier(max_features='sqrt', random_state=42), 'clf__class_weight': None}
2021-01-24 09:55:18.732965	0.5099206349206349	meta_feats,annotation,sc_turns,solution_participation,annotation_tf_everything,fast_text	"{'clf': DecisionTreeClassifier(class_weight='balanced', max_features='sqrt',
                       random_state=42), 'clf__class_weight': 'balanced'}"
2021-01-24 09:55:20.131709	0.5178571428571428	meta_feats,annotation,sc_turns,solution_participation,annotation_sg_everything,fast_text	{'clf': DecisionTreeClassifier(max_features='sqrt', random_state=42), 'clf__class_weight': None}
2021-01-24 09:55:21.425708	0.3412698412698413	meta_feats,annotation,sc_turns,annotation_tf_everything,annotation_sg_everything,fast_text	{'clf': DecisionTreeClassifier(max_features='sqrt', random_state=42), 'clf__class_weight': None}
2021-01-24 09:55:22.952410	0.3412698412698413	meta_feats,annotation,sc_messages,solution_participation,annotation_tf_everything,annotation_sg_everything	"{'clf': DecisionTreeClassifier(class_weight='balanced', max_features='sqrt',
                       random_state=42), 'clf__class_weight': 'balanced'}"
2021-01-24 09:55:24.620285	0.49007936507936506	meta_feats,annotation,sc_messages,solution_participation,annotation_tf_everything,fast_text	"{'clf': DecisionTreeClassifier(class_weight='balanced', max_features='sqrt',
                       random_state=42), 'clf__class_weight': 'balanced'}"
2021-01-24 09:55:25.886384	0.46825396825396826	meta_feats,annotation,sc_messages,solution_participation,annotation_sg_everything,fast_text	{'clf': DecisionTreeClassifier(max_features='sqrt', random_state=42), 'clf__class_weight': None}
2021-01-24 09:55:27.351994	0.5535714285714286	meta_feats,annotation,sc_messages,annotation_tf_everything,annotation_sg_everything,fast_text	"{'clf': DecisionTreeClassifier(class_weight='balanced', max_features='sqrt',
                       random_state=42), 'clf__class_weight': 'balanced'}"
2021-01-24 09:55:29.098936	0.45436507936507936	meta_feats,annotation,solution_participation,annotation_tf_everything,annotation_sg_everything,fast_text	"{'clf': DecisionTreeClassifier(class_weight='balanced', max_features='sqrt',
                       random_state=42), 'clf__class_weight': 'balanced'}"
2021-01-24 09:55:32.052974	0.5813492063492063	meta_feats,sc_turns,sc_messages,solution_participation,annotation_tf_everything,annotation_sg_everything	{'clf': DecisionTreeClassifier(max_features='sqrt', random_state=42), 'clf__class_weight': None}
2021-01-24 09:55:33.689637	0.46825396825396826	meta_feats,sc_turns,sc_messages,solution_participation,annotation_tf_everything,fast_text	{'clf': DecisionTreeClassifier(max_features='sqrt', random_state=42), 'clf__class_weight': None}
2021-01-24 09:55:34.854063	0.5178571428571428	meta_feats,sc_turns,sc_messages,solution_participation,annotation_sg_everything,fast_text	"{'clf': DecisionTreeClassifier(class_weight='balanced', max_features='sqrt',
                       random_state=42), 'clf__class_weight': 'balanced'}"
2021-01-24 09:55:36.113793	0.46031746031746035	meta_feats,sc_turns,sc_messages,annotation_tf_everything,annotation_sg_everything,fast_text	"{'clf': DecisionTreeClassifier(class_weight='balanced', max_features='sqrt',
                       random_state=42), 'clf__class_weight': 'balanced'}"
2021-01-24 09:55:37.200189	0.44642857142857145	meta_feats,sc_turns,solution_participation,annotation_tf_everything,annotation_sg_everything,fast_text	{'clf': DecisionTreeClassifier(max_features='sqrt', random_state=42), 'clf__class_weight': None}
2021-01-24 09:55:38.332006	0.4662698412698413	meta_feats,sc_messages,solution_participation,annotation_tf_everything,annotation_sg_everything,fast_text	{'clf': DecisionTreeClassifier(max_features='sqrt', random_state=42), 'clf__class_weight': None}
2021-01-24 09:55:39.666611	0.49007936507936506	annotation,sc_turns,sc_messages,solution_participation,annotation_tf_everything,annotation_sg_everything	{'clf': DecisionTreeClassifier(max_features='sqrt', random_state=42), 'clf__class_weight': None}
2021-01-24 09:55:41.022415	0.49007936507936506	annotation,sc_turns,sc_messages,solution_participation,annotation_tf_everything,fast_text	{'clf': DecisionTreeClassifier(max_features='sqrt', random_state=42), 'clf__class_weight': None}
2021-01-24 09:55:42.804222	0.6031746031746033	annotation,sc_turns,sc_messages,solution_participation,annotation_sg_everything,fast_text	{'clf': DecisionTreeClassifier(max_features='sqrt', random_state=42), 'clf__class_weight': None}
2021-01-24 09:55:44.535221	0.39682539682539686	annotation,sc_turns,sc_messages,annotation_tf_everything,annotation_sg_everything,fast_text	{'clf': DecisionTreeClassifier(max_features='sqrt', random_state=42), 'clf__class_weight': None}
2021-01-24 09:55:45.826442	0.5099206349206349	annotation,sc_turns,solution_participation,annotation_tf_everything,annotation_sg_everything,fast_text	{'clf': DecisionTreeClassifier(max_features='sqrt', random_state=42), 'clf__class_weight': None}
2021-01-24 09:55:47.422990	0.5317460317460317	annotation,sc_messages,solution_participation,annotation_tf_everything,annotation_sg_everything,fast_text	"{'clf': DecisionTreeClassifier(class_weight='balanced', max_features='sqrt',
                       random_state=42), 'clf__class_weight': 'balanced'}"
2021-01-24 09:55:48.670666	0.5535714285714286	sc_turns,sc_messages,solution_participation,annotation_tf_everything,annotation_sg_everything,fast_text	"{'clf': DecisionTreeClassifier(class_weight='balanced', max_features='sqrt',
                       random_state=42), 'clf__class_weight': 'balanced'}"
2021-01-24 09:55:50.573414	0.5535714285714286	meta_feats,annotation,sc_turns,sc_messages,solution_participation,annotation_tf_everything,annotation_sg_everything	"{'clf': DecisionTreeClassifier(class_weight='balanced', max_features='sqrt',
                       random_state=42), 'clf__class_weight': 'balanced'}"
2021-01-24 09:55:51.873321	0.5178571428571428	meta_feats,annotation,sc_turns,sc_messages,solution_participation,annotation_tf_everything,fast_text	{'clf': DecisionTreeClassifier(max_features='sqrt', random_state=42), 'clf__class_weight': None}
2021-01-24 09:55:53.125364	0.41269841269841273	meta_feats,annotation,sc_turns,sc_messages,solution_participation,annotation_sg_everything,fast_text	"{'clf': DecisionTreeClassifier(class_weight='balanced', max_features='sqrt',
                       random_state=42), 'clf__class_weight': 'balanced'}"
2021-01-24 09:55:54.377531	0.45436507936507936	meta_feats,annotation,sc_turns,sc_messages,annotation_tf_everything,annotation_sg_everything,fast_text	"{'clf': DecisionTreeClassifier(class_weight='balanced', max_features='sqrt',
                       random_state=42), 'clf__class_weight': 'balanced'}"
2021-01-24 09:55:55.585151	0.39682539682539686	meta_feats,annotation,sc_turns,solution_participation,annotation_tf_everything,annotation_sg_everything,fast_text	{'clf': DecisionTreeClassifier(max_features='sqrt', random_state=42), 'clf__class_weight': None}
2021-01-24 09:55:56.823113	0.4166666666666667	meta_feats,annotation,sc_messages,solution_participation,annotation_tf_everything,annotation_sg_everything,fast_text	{'clf': DecisionTreeClassifier(max_features='sqrt', random_state=42), 'clf__class_weight': None}
2021-01-24 09:55:58.310019	0.44047619047619047	meta_feats,sc_turns,sc_messages,solution_participation,annotation_tf_everything,annotation_sg_everything,fast_text	{'clf': DecisionTreeClassifier(max_features='sqrt', random_state=42), 'clf__class_weight': None}
2021-01-24 09:55:59.907229	0.625	annotation,sc_turns,sc_messages,solution_participation,annotation_tf_everything,annotation_sg_everything,fast_text	{'clf': DecisionTreeClassifier(max_features='sqrt', random_state=42), 'clf__class_weight': None}
2021-01-24 09:56:01.730245	0.49603174603174605	meta_feats,annotation,sc_turns,sc_messages,solution_participation,annotation_tf_everything,annotation_sg_everything,fast_text	"{'clf': DecisionTreeClassifier(class_weight='balanced', max_features='sqrt',
                       random_state=42), 'clf__class_weight': 'balanced'}"
